Name,Year of Production,Genre,Director,Rating
Neon Dreams 1,1957,Sci-Fi,Isabella White,9.4
Spectral Dawn 10,1983,Adventure,Ethan Scott,6.3
Neon Dreams 4,2008,Drama,Chris Nolan,9.3
Midnight Sonata 6,1995,Thriller,Ethan Scott,5.7
Midnight Sonata 1,2006,Mystery,Chris Nolan,5.5
Spectral Dawn 10,2000,Action,Isabella White,8.0
Whispering Shadows 3,1993,Sci-Fi,Mia Rodriguez,6.0
The Last Voyage 7,1958,Drama,Mia Rodriguez,6.5
Crimson Mirage 2,1972,Sci-Fi,Ethan Scott,8.1
Crimson Mirage 8,2018,Sci-Fi,Ethan Scott,6.9
Echoes of Tomorrow 2,2016,Fantasy,Olivia Brown,8.3
Shadow Quest 5,1983,Comedy,Jordan Smith,9.3
Spectral Dawn 2,1989,Action,Sophia Lee,6.0
Whispering Shadows 1,2013,Fantasy,Sophia Lee,7.5
The Last Voyage 9,1984,Horror,Sophia Lee,9.1
Echoes of Tomorrow 3,2021,Drama,Isabella White,7.7
Echoes of Tomorrow 3,1972,Thriller,Jordan Smith,5.3
Whispering Shadows 8,1964,Drama,Ethan Scott,8.5
Neon Dreams 6,1957,Sci-Fi,Sophia Lee,7.3
Whispering Shadows 5,1956,Romance,Sophia Lee,9.3
Crimson Mirage 1,1969,Horror,Ethan Scott,9.0
Frozen Echoes 8,1960,Comedy,Daniel Kim,6.0
Shadow Quest 5,1979,Comedy,Jordan Smith,7.9
Neon Dreams 1,2024,Adventure,Lucas Carter,7.7
Frozen Echoes 5,1998,Thriller,Lucas Carter,7.8
Spectral Dawn 9,1990,Sci-Fi,Ethan Scott,9.4
Eternal Horizon 4,1969,Action,Olivia Brown,7.1
Echoes of Tomorrow 4,2010,Drama,Isabella White,7.7
Echoes of Tomorrow 8,1970,Drama,Alex Johnson,8.2
Echoes of Tomorrow 3,1965,Sci-Fi,Mia Rodriguez,7.8
Neon Dreams 1,1984,Adventure,Lucas Carter,7.7
The Last Voyage 9,1992,Romance,Olivia Brown,7.6
Whispering Shadows 6,1971,Drama,Olivia Brown,9.3
Crimson Mirage 8,1953,Drama,Jordan Smith,8.0
Spectral Dawn 1,2004,Comedy,Olivia Brown,7.9
The Last Voyage 6,1972,Fantasy,Olivia Brown,9.0
Neon Dreams 10,2010,Action,Isabella White,6.3
Neon Dreams 2,1960,Mystery,Alex Johnson,5.1
Spectral Dawn 4,1966,Sci-Fi,Mia Rodriguez,5.3
Spectral Dawn 5,1989,Thriller,Jordan Smith,8.6
Echoes of Tomorrow 9,1965,Comedy,Alex Johnson,5.2
Crimson Mirage 6,2021,Drama,Sophia Lee,6.8
The Last Voyage 8,2005,Comedy,Daniel Kim,6.5
Spectral Dawn 1,1980,Adventure,Ethan Scott,7.8
Shadow Quest 8,1992,Romance,Alex Johnson,9.0
Eternal Horizon 6,1978,Comedy,Ethan Scott,8.0
The Last Voyage 4,1977,Sci-Fi,Ethan Scott,7.9
Neon Dreams 6,1995,Thriller,Sophia Lee,5.6
Eternal Horizon 5,2003,Adventure,Chris Nolan,5.8
Neon Dreams 5,2004,Mystery,Ethan Scott,6.9
Spectral Dawn 7,1979,Thriller,Chris Nolan,7.2
Crimson Mirage 3,1994,Mystery,Sophia Lee,6.4
Eternal Horizon 8,2023,Drama,Isabella White,7.8
Neon Dreams 3,1985,Mystery,Mia Rodriguez,9.5
Frozen Echoes 9,1978,Thriller,Jordan Smith,6.9
The Last Voyage 5,1985,Thriller,Isabella White,9.4
Echoes of Tomorrow 2,1995,Fantasy,Lucas Carter,9.2
Shadow Quest 4,1958,Romance,Chris Nolan,5.6
Neon Dreams 10,2009,Action,Ethan Scott,6.0
Spectral Dawn 7,1978,Adventure,Jordan Smith,6.7
Frozen Echoes 8,2001,Action,Lucas Carter,6.2
Eternal Horizon 9,2011,Mystery,Olivia Brown,5.1
Spectral Dawn 2,1998,Horror,Mia Rodriguez,6.9
Whispering Shadows 8,1998,Thriller,Lucas Carter,6.4
Frozen Echoes 4,1950,Action,Ethan Scott,9.3
Spectral Dawn 7,1956,Comedy,Isabella White,6.1
Echoes of Tomorrow 8,1959,Thriller,Chris Nolan,8.7
Neon Dreams 3,1955,Romance,Mia Rodriguez,6.4
Neon Dreams 4,1963,Mystery,Olivia Brown,8.3
Shadow Quest 9,1996,Adventure,Mia Rodriguez,9.2
Neon Dreams 4,2021,Drama,Ethan Scott,5.8
Whispering Shadows 6,1961,Fantasy,Jordan Smith,9.3
Frozen Echoes 3,1992,Romance,Mia Rodriguez,5.8
Echoes of Tomorrow 6,1966,Sci-Fi,Jordan Smith,7.5
Midnight Sonata 6,1956,Horror,Mia Rodriguez,6.6
Frozen Echoes 10,2018,Action,Ethan Scott,8.6
Whispering Shadows 3,2010,Drama,Mia Rodriguez,6.2
Echoes of Tomorrow 10,1993,Mystery,Chris Nolan,7.5
Crimson Mirage 2,1954,Comedy,Isabella White,6.5
The Last Voyage 6,1951,Horror,Ethan Scott,5.6
Crimson Mirage 6,2012,Mystery,Jordan Smith,8.4
The Last Voyage 9,1965,Mystery,Sophia Lee,7.3
Whispering Shadows 7,1991,Thriller,Mia Rodriguez,5.4
Echoes of Tomorrow 5,1956,Adventure,Sophia Lee,9.0
Frozen Echoes 4,2009,Adventure,Isabella White,6.5
Midnight Sonata 1,2000,Mystery,Chris Nolan,7.1
Crimson Mirage 10,1963,Horror,Alex Johnson,6.2
The Last Voyage 6,1965,Thriller,Ethan Scott,7.4
Eternal Horizon 4,1993,Mystery,Jordan Smith,6.7
Midnight Sonata 7,2004,Adventure,Alex Johnson,8.6
Midnight Sonata 8,2015,Mystery,Chris Nolan,6.7
Spectral Dawn 8,2018,Mystery,Jordan Smith,6.7
Shadow Quest 5,1951,Sci-Fi,Lucas Carter,6.0
Frozen Echoes 8,1977,Horror,Mia Rodriguez,5.2
Shadow Quest 4,2018,Fantasy,Chris Nolan,5.9
Echoes of Tomorrow 6,2013,Drama,Ethan Scott,8.7
Spectral Dawn 3,1982,Thriller,Lucas Carter,8.3
Frozen Echoes 2,1979,Horror,Olivia Brown,9.1
Frozen Echoes 5,1973,Drama,Lucas Carter,7.2
Echoes of Tomorrow 3,1953,Mystery,Ethan Scott,9.0
The Last Voyage 9,1992,Drama,Olivia Brown,9.4
Whispering Shadows 7,2017,Horror,Daniel Kim,8.5
The Last Voyage 8,1956,Drama,Sophia Lee,8.5
Echoes of Tomorrow 1,2004,Comedy,Olivia Brown,9.3
Echoes of Tomorrow 4,1954,Sci-Fi,Mia Rodriguez,9.0
Echoes of Tomorrow 8,1956,Fantasy,Olivia Brown,5.2
Midnight Sonata 6,1962,Fantasy,Sophia Lee,5.2
Echoes of Tomorrow 8,1958,Comedy,Alex Johnson,6.3
Midnight Sonata 6,1953,Thriller,Jordan Smith,8.5
Spectral Dawn 10,1961,Fantasy,Ethan Scott,5.8
Neon Dreams 9,2014,Horror,Chris Nolan,7.0
Midnight Sonata 5,1964,Horror,Isabella White,7.3
Whispering Shadows 3,1992,Mystery,Sophia Lee,6.6
Whispering Shadows 6,1986,Thriller,Jordan Smith,8.8
Frozen Echoes 3,1976,Romance,Jordan Smith,6.6
The Last Voyage 6,1992,Adventure,Olivia Brown,5.9
Shadow Quest 10,1998,Comedy,Chris Nolan,6.7
Shadow Quest 1,1952,Fantasy,Daniel Kim,8.4
Whispering Shadows 2,1999,Horror,Sophia Lee,8.7
Echoes of Tomorrow 3,1959,Action,Mia Rodriguez,8.0
Whispering Shadows 3,2015,Fantasy,Alex Johnson,8.2
Neon Dreams 4,2001,Fantasy,Alex Johnson,5.1
Eternal Horizon 10,2024,Adventure,Chris Nolan,6.6
Crimson Mirage 9,1997,Horror,Jordan Smith,6.9
Eternal Horizon 7,1964,Mystery,Jordan Smith,7.5
Whispering Shadows 5,1968,Thriller,Alex Johnson,6.3
Midnight Sonata 1,2010,Romance,Mia Rodriguez,8.4
Spectral Dawn 8,1982,Drama,Olivia Brown,5.0
Frozen Echoes 1,2022,Adventure,Lucas Carter,9.4
Whispering Shadows 5,1975,Sci-Fi,Lucas Carter,5.5
Neon Dreams 4,1977,Drama,Daniel Kim,6.7
Echoes of Tomorrow 7,1998,Horror,Alex Johnson,9.2
Shadow Quest 3,2010,Mystery,Sophia Lee,7.1
Echoes of Tomorrow 9,1978,Comedy,Alex Johnson,5.9
Shadow Quest 10,1975,Sci-Fi,Ethan Scott,7.4
Frozen Echoes 2,2006,Horror,Lucas Carter,5.3
Whispering Shadows 7,2005,Mystery,Alex Johnson,8.9
Eternal Horizon 9,1969,Sci-Fi,Daniel Kim,7.3
Eternal Horizon 8,1999,Mystery,Jordan Smith,5.4
Shadow Quest 10,2005,Thriller,Jordan Smith,8.0
Neon Dreams 1,1955,Comedy,Alex Johnson,8.2
Spectral Dawn 10,2002,Romance,Jordan Smith,8.3
Echoes of Tomorrow 5,2015,Action,Jordan Smith,9.1
The Last Voyage 3,1980,Thriller,Jordan Smith,7.6
Neon Dreams 9,1986,Thriller,Jordan Smith,8.7
Eternal Horizon 1,1981,Mystery,Lucas Carter,6.0
Neon Dreams 5,2001,Horror,Alex Johnson,7.8
Frozen Echoes 5,2011,Sci-Fi,Ethan Scott,7.3
Echoes of Tomorrow 3,1981,Fantasy,Mia Rodriguez,5.3
The Last Voyage 7,1979,Fantasy,Olivia Brown,6.2
Shadow Quest 9,2013,Mystery,Ethan Scott,5.4
Whispering Shadows 2,1962,Sci-Fi,Olivia Brown,6.7
The Last Voyage 9,2004,Action,Mia Rodriguez,7.6
Whispering Shadows 3,2015,Sci-Fi,Daniel Kim,7.6
Midnight Sonata 7,1967,Drama,Olivia Brown,8.2
Echoes of Tomorrow 3,2025,Adventure,Lucas Carter,7.2
Echoes of Tomorrow 3,1961,Sci-Fi,Daniel Kim,7.6
Midnight Sonata 10,1973,Fantasy,Olivia Brown,6.5
Spectral Dawn 2,1978,Action,Isabella White,9.3
Spectral Dawn 8,1966,Drama,Ethan Scott,7.9
Neon Dreams 6,2018,Romance,Daniel Kim,9.4
The Last Voyage 10,1980,Drama,Sophia Lee,7.8
Shadow Quest 3,1973,Fantasy,Jordan Smith,8.2
Whispering Shadows 2,1976,Sci-Fi,Sophia Lee,7.4
The Last Voyage 8,2011,Adventure,Jordan Smith,7.5
Spectral Dawn 1,1984,Horror,Ethan Scott,6.2
Midnight Sonata 3,1984,Horror,Isabella White,8.3
Spectral Dawn 4,2017,Comedy,Sophia Lee,7.9
Whispering Shadows 2,1979,Drama,Jordan Smith,9.0
Neon Dreams 5,1953,Drama,Ethan Scott,8.8
Spectral Dawn 2,1965,Adventure,Mia Rodriguez,7.8
Midnight Sonata 6,2010,Horror,Sophia Lee,8.9
The Last Voyage 2,1986,Fantasy,Ethan Scott,9.2
Crimson Mirage 5,2015,Fantasy,Ethan Scott,9.2
Shadow Quest 4,2001,Fantasy,Alex Johnson,5.9
Neon Dreams 8,1957,Sci-Fi,Lucas Carter,7.7
Eternal Horizon 2,1961,Action,Chris Nolan,5.6
Midnight Sonata 4,1998,Sci-Fi,Ethan Scott,6.5
Eternal Horizon 2,1964,Mystery,Ethan Scott,7.5
Frozen Echoes 10,1960,Mystery,Sophia Lee,8.5
Frozen Echoes 6,1957,Sci-Fi,Olivia Brown,6.2
Neon Dreams 2,1958,Romance,Olivia Brown,8.6
The Last Voyage 5,1985,Action,Isabella White,8.6
Crimson Mirage 3,2010,Thriller,Alex Johnson,6.9
Midnight Sonata 9,2011,Comedy,Mia Rodriguez,7.1
Shadow Quest 10,2022,Thriller,Daniel Kim,9.3
Whispering Shadows 10,1957,Horror,Sophia Lee,9.3
Spectral Dawn 3,1985,Romance,Alex Johnson,5.4
Neon Dreams 6,1984,Sci-Fi,Olivia Brown,7.1
The Last Voyage 8,2006,Fantasy,Mia Rodriguez,6.2
Midnight Sonata 5,1985,Thriller,Mia Rodriguez,9.4
Midnight Sonata 1,1991,Mystery,Olivia Brown,7.3
Frozen Echoes 3,2000,Horror,Isabella White,7.9
The Last Voyage 8,1962,Action,Alex Johnson,9.0
Spectral Dawn 9,2020,Adventure,Isabella White,7.2
Shadow Quest 10,2025,Romance,Chris Nolan,9.1
Frozen Echoes 1,2003,Comedy,Jordan Smith,6.7
Frozen Echoes 6,2014,Action,Lucas Carter,7.8
Neon Dreams 2,1992,Romance,Mia Rodriguez,6.4
Echoes of Tomorrow 3,2011,Sci-Fi,Ethan Scott,6.7
Crimson Mirage 5,2009,Drama,Lucas Carter,6.8
The Last Voyage 7,1971,Romance,Ethan Scott,8.0
The Last Voyage 4,1954,Romance,Daniel Kim,6.6
The Last Voyage 4,1985,Romance,Ethan Scott,5.7
Frozen Echoes 7,2009,Fantasy,Isabella White,7.8
Crimson Mirage 7,1997,Romance,Ethan Scott,6.6
Eternal Horizon 6,1958,Drama,Sophia Lee,8.7
Crimson Mirage 8,1995,Adventure,Olivia Brown,5.4
The Last Voyage 8,1952,Fantasy,Olivia Brown,8.2
Shadow Quest 3,1975,Sci-Fi,Jordan Smith,9.0
Whispering Shadows 3,1994,Thriller,Lucas Carter,9.1
Midnight Sonata 4,2025,Romance,Chris Nolan,6.0
Crimson Mirage 8,2002,Mystery,Jordan Smith,5.8
Whispering Shadows 6,1998,Sci-Fi,Daniel Kim,7.3
Crimson Mirage 4,1988,Fantasy,Daniel Kim,5.7
Eternal Horizon 2,1981,Thriller,Sophia Lee,9.5
Shadow Quest 6,1983,Comedy,Ethan Scott,5.9
Neon Dreams 4,1985,Sci-Fi,Alex Johnson,6.2
Crimson Mirage 9,1974,Fantasy,Sophia Lee,9.3
Eternal Horizon 10,1972,Comedy,Chris Nolan,7.1
Neon Dreams 1,1998,Adventure,Ethan Scott,6.3
Eternal Horizon 5,2008,Action,Chris Nolan,6.0
Midnight Sonata 1,2001,Fantasy,Ethan Scott,7.0
Echoes of Tomorrow 9,2021,Action,Jordan Smith,8.6
Echoes of Tomorrow 2,2022,Fantasy,Alex Johnson,8.1
Spectral Dawn 2,1954,Adventure,Olivia Brown,6.1
Shadow Quest 4,1981,Comedy,Mia Rodriguez,8.5
Neon Dreams 1,1970,Adventure,Daniel Kim,6.1
Frozen Echoes 10,2003,Adventure,Olivia Brown,8.7
Neon Dreams 1,1979,Comedy,Daniel Kim,6.5
Frozen Echoes 4,1976,Fantasy,Mia Rodriguez,5.8
The Last Voyage 5,2001,Adventure,Olivia Brown,9.5
Shadow Quest 9,1986,Romance,Sophia Lee,5.4
Midnight Sonata 9,2019,Romance,Daniel Kim,5.6
Frozen Echoes 10,2021,Comedy,Ethan Scott,6.6
Whispering Shadows 7,1984,Action,Sophia Lee,7.5
Spectral Dawn 7,1966,Fantasy,Ethan Scott,6.5
Eternal Horizon 9,1961,Mystery,Lucas Carter,8.9
Neon Dreams 10,1999,Fantasy,Lucas Carter,6.2
Spectral Dawn 6,2000,Adventure,Chris Nolan,7.0
Crimson Mirage 1,1963,Action,Mia Rodriguez,8.8
Whispering Shadows 4,1963,Sci-Fi,Lucas Carter,5.8
Crimson Mirage 6,1964,Fantasy,Chris Nolan,5.8
Crimson Mirage 10,1974,Sci-Fi,Mia Rodriguez,8.8
Whispering Shadows 9,2017,Sci-Fi,Daniel Kim,6.9
Midnight Sonata 10,1977,Action,Jordan Smith,6.0
Crimson Mirage 3,1989,Thriller,Jordan Smith,8.1
Echoes of Tomorrow 1,1974,Fantasy,Sophia Lee,7.7
Eternal Horizon 2,1958,Adventure,Lucas Carter,6.3
Frozen Echoes 5,2002,Comedy,Jordan Smith,7.1
Midnight Sonata 10,1956,Action,Sophia Lee,5.6
Frozen Echoes 7,1978,Fantasy,Jordan Smith,8.0
Eternal Horizon 10,1988,Fantasy,Mia Rodriguez,6.5
Neon Dreams 4,1957,Romance,Ethan Scott,8.9
Echoes of Tomorrow 1,2019,Drama,Daniel Kim,7.2
Spectral Dawn 3,1954,Fantasy,Jordan Smith,8.7
The Last Voyage 2,1992,Adventure,Mia Rodriguez,7.6
Echoes of Tomorrow 9,1971,Horror,Mia Rodriguez,7.9
Frozen Echoes 9,1952,Drama,Isabella White,8.3
The Last Voyage 2,1967,Sci-Fi,Daniel Kim,9.4
Echoes of Tomorrow 2,1962,Sci-Fi,Chris Nolan,7.1
The Last Voyage 5,1973,Adventure,Ethan Scott,7.2
Shadow Quest 4,1980,Mystery,Ethan Scott,8.7
Shadow Quest 3,1963,Thriller,Alex Johnson,6.9
The Last Voyage 5,1962,Romance,Mia Rodriguez,7.7
Eternal Horizon 8,2002,Comedy,Olivia Brown,8.7
Crimson Mirage 8,2022,Adventure,Sophia Lee,7.8
The Last Voyage 4,2009,Action,Ethan Scott,7.6
Spectral Dawn 8,2000,Drama,Ethan Scott,6.1
Spectral Dawn 2,1957,Thriller,Ethan Scott,7.7
Frozen Echoes 1,2024,Thriller,Olivia Brown,6.5
Whispering Shadows 8,1977,Mystery,Jordan Smith,8.9
Spectral Dawn 1,1994,Thriller,Lucas Carter,7.8
Whispering Shadows 1,2017,Mystery,Jordan Smith,8.9
Midnight Sonata 4,2006,Mystery,Daniel Kim,5.8
Frozen Echoes 7,1982,Fantasy,Jordan Smith,7.2
Frozen Echoes 4,2009,Adventure,Lucas Carter,5.2
Spectral Dawn 3,1993,Drama,Ethan Scott,5.5
Shadow Quest 5,1957,Mystery,Mia Rodriguez,6.4
Eternal Horizon 6,1968,Sci-Fi,Daniel Kim,9.5
Eternal Horizon 2,1990,Action,Mia Rodriguez,5.4
Echoes of Tomorrow 9,1952,Fantasy,Mia Rodriguez,6.0
Whispering Shadows 8,1981,Horror,Daniel Kim,8.6
Eternal Horizon 6,2001,Action,Sophia Lee,7.0
Echoes of Tomorrow 3,1955,Adventure,Isabella White,9.0
The Last Voyage 10,1991,Drama,Daniel Kim,7.8
Neon Dreams 3,1974,Mystery,Ethan Scott,6.4
Neon Dreams 2,1988,Romance,Olivia Brown,8.7
Crimson Mirage 1,1957,Adventure,Chris Nolan,6.1
Echoes of Tomorrow 3,2004,Adventure,Ethan Scott,8.0
Eternal Horizon 3,1975,Comedy,Mia Rodriguez,6.3
Whispering Shadows 2,1989,Drama,Isabella White,9.4
Spectral Dawn 2,2014,Mystery,Chris Nolan,5.7
Eternal Horizon 2,1966,Thriller,Jordan Smith,6.3
Echoes of Tomorrow 1,1966,Sci-Fi,Mia Rodriguez,7.3
Midnight Sonata 2,1991,Fantasy,Olivia Brown,9.5
Frozen Echoes 6,1963,Sci-Fi,Isabella White,7.6
Midnight Sonata 8,1970,Action,Mia Rodriguez,8.5
Frozen Echoes 1,1987,Action,Olivia Brown,9.3
Spectral Dawn 2,1955,Thriller,Chris Nolan,5.5
Crimson Mirage 10,2005,Drama,Lucas Carter,5.4
Crimson Mirage 5,1994,Action,Mia Rodriguez,9.0
Whispering Shadows 9,2003,Drama,Daniel Kim,5.2
Spectral Dawn 8,1959,Romance,Alex Johnson,6.8
Crimson Mirage 4,2019,Sci-Fi,Mia Rodriguez,6.8
Echoes of Tomorrow 6,1998,Romance,Isabella White,7.4
Shadow Quest 8,1994,Sci-Fi,Alex Johnson,7.3
Whispering Shadows 8,2022,Drama,Isabella White,6.7
Spectral Dawn 6,1963,Fantasy,Isabella White,9.3
Spectral Dawn 7,2017,Comedy,Mia Rodriguez,8.6
Frozen Echoes 1,1982,Comedy,Mia Rodriguez,5.3
Shadow Quest 4,2025,Action,Alex Johnson,8.7
Neon Dreams 3,2018,Mystery,Chris Nolan,7.1
Whispering Shadows 6,1985,Sci-Fi,Ethan Scott,7.6
Neon Dreams 5,1980,Drama,Lucas Carter,5.4
Eternal Horizon 5,1997,Mystery,Chris Nolan,5.3
Spectral Dawn 4,1979,Comedy,Sophia Lee,7.8
Echoes of Tomorrow 5,2021,Thriller,Isabella White,5.5
The Last Voyage 9,1990,Thriller,Olivia Brown,6.4
Whispering Shadows 8,1976,Sci-Fi,Mia Rodriguez,5.7
Crimson Mirage 5,2020,Thriller,Sophia Lee,6.4
Midnight Sonata 3,1981,Romance,Alex Johnson,5.3
Eternal Horizon 2,2003,Drama,Lucas Carter,8.6
Spectral Dawn 7,2015,Sci-Fi,Jordan Smith,7.3
Frozen Echoes 10,1972,Sci-Fi,Olivia Brown,6.4
Whispering Shadows 7,2004,Comedy,Olivia Brown,7.1
Whispering Shadows 9,1976,Adventure,Isabella White,5.6
Eternal Horizon 3,2006,Sci-Fi,Alex Johnson,5.8
Eternal Horizon 9,1967,Adventure,Isabella White,5.5
Frozen Echoes 2,1970,Sci-Fi,Isabella White,7.5
Spectral Dawn 7,1971,Romance,Daniel Kim,6.5
Whispering Shadows 4,1953,Mystery,Chris Nolan,7.4
The Last Voyage 9,2016,Adventure,Daniel Kim,8.3
Whispering Shadows 6,2025,Romance,Lucas Carter,6.3
Whispering Shadows 4,1998,Sci-Fi,Sophia Lee,7.1
Echoes of Tomorrow 1,1982,Horror,Sophia Lee,8.4
Echoes of Tomorrow 9,2009,Action,Alex Johnson,6.1
Whispering Shadows 2,1985,Adventure,Daniel Kim,5.1
Whispering Shadows 7,1965,Adventure,Lucas Carter,9.2
Spectral Dawn 9,2001,Action,Ethan Scott,5.6
Whispering Shadows 10,1956,Sci-Fi,Olivia Brown,9.1
Echoes of Tomorrow 9,1963,Thriller,Olivia Brown,9.2
Frozen Echoes 10,1969,Drama,Lucas Carter,7.4
Spectral Dawn 3,2015,Romance,Jordan Smith,9.2
Spectral Dawn 4,1961,Mystery,Alex Johnson,7.5
Midnight Sonata 7,1953,Mystery,Sophia Lee,8.9
Frozen Echoes 1,1999,Thriller,Ethan Scott,6.6
Frozen Echoes 4,1994,Comedy,Lucas Carter,8.9
Spectral Dawn 9,1998,Horror,Olivia Brown,5.2
Frozen Echoes 1,2025,Action,Mia Rodriguez,8.6
Neon Dreams 9,1978,Romance,Mia Rodriguez,7.4
Neon Dreams 7,2016,Romance,Alex Johnson,8.0
Shadow Quest 4,1985,Action,Sophia Lee,6.1
Shadow Quest 8,1962,Adventure,Daniel Kim,5.7
The Last Voyage 5,1984,Adventure,Alex Johnson,6.0
Echoes of Tomorrow 9,1985,Drama,Jordan Smith,6.4
Spectral Dawn 6,1986,Romance,Ethan Scott,6.2
Midnight Sonata 7,1968,Thriller,Sophia Lee,8.9
Midnight Sonata 4,1977,Horror,Daniel Kim,7.7
Whispering Shadows 2,1983,Horror,Mia Rodriguez,8.5
Midnight Sonata 5,1983,Adventure,Alex Johnson,8.0
Crimson Mirage 6,1980,Mystery,Sophia Lee,6.4
Frozen Echoes 4,1981,Fantasy,Chris Nolan,5.6
Midnight Sonata 5,1958,Romance,Daniel Kim,5.3
Eternal Horizon 7,2009,Romance,Chris Nolan,6.0
Whispering Shadows 7,2012,Thriller,Olivia Brown,8.3
Whispering Shadows 8,1967,Thriller,Isabella White,8.4
Shadow Quest 10,1980,Comedy,Jordan Smith,6.8
Echoes of Tomorrow 5,1973,Mystery,Lucas Carter,6.1
The Last Voyage 6,1993,Adventure,Daniel Kim,5.5
The Last Voyage 1,1989,Romance,Sophia Lee,9.3
Spectral Dawn 3,1968,Sci-Fi,Jordan Smith,8.2
Crimson Mirage 4,1967,Adventure,Daniel Kim,5.3
Spectral Dawn 3,1966,Action,Olivia Brown,6.9
Spectral Dawn 10,1951,Fantasy,Olivia Brown,6.8
Crimson Mirage 10,1959,Mystery,Olivia Brown,5.2
Echoes of Tomorrow 9,1977,Fantasy,Mia Rodriguez,7.6
Spectral Dawn 2,1985,Thriller,Alex Johnson,7.8
Eternal Horizon 2,2013,Drama,Sophia Lee,6.2
Crimson Mirage 2,1981,Sci-Fi,Chris Nolan,5.8
Whispering Shadows 1,1952,Romance,Olivia Brown,6.1
Frozen Echoes 10,1982,Fantasy,Chris Nolan,9.5
Frozen Echoes 1,1981,Adventure,Olivia Brown,6.1
Neon Dreams 8,1988,Romance,Ethan Scott,8.3
Crimson Mirage 2,2008,Comedy,Sophia Lee,9.3
Neon Dreams 8,1977,Romance,Olivia Brown,6.1
The Last Voyage 2,1971,Drama,Mia Rodriguez,7.5
Shadow Quest 6,1988,Drama,Isabella White,8.0
Midnight Sonata 4,1989,Adventure,Alex Johnson,5.7
Echoes of Tomorrow 10,2007,Drama,Olivia Brown,6.7
Neon Dreams 5,2002,Fantasy,Daniel Kim,9.5
Shadow Quest 8,1975,Fantasy,Isabella White,7.5
Whispering Shadows 10,1975,Thriller,Daniel Kim,6.4
The Last Voyage 3,1951,Drama,Daniel Kim,7.5
Neon Dreams 3,1968,Drama,Ethan Scott,7.2
Neon Dreams 10,2025,Comedy,Ethan Scott,7.8
Crimson Mirage 3,1959,Thriller,Olivia Brown,7.4
Crimson Mirage 6,1983,Action,Olivia Brown,5.2
Eternal Horizon 5,1992,Thriller,Daniel Kim,7.2
Spectral Dawn 4,1959,Fantasy,Olivia Brown,7.8
Eternal Horizon 9,2018,Drama,Ethan Scott,6.6
Shadow Quest 5,1980,Action,Lucas Carter,9.4
Eternal Horizon 8,2002,Fantasy,Jordan Smith,7.3
Frozen Echoes 2,1982,Drama,Sophia Lee,7.4
Whispering Shadows 3,1980,Romance,Daniel Kim,7.0
Frozen Echoes 7,1972,Thriller,Chris Nolan,9.4
Frozen Echoes 5,1992,Romance,Olivia Brown,6.6
Midnight Sonata 8,1974,Mystery,Mia Rodriguez,8.8
Spectral Dawn 4,2025,Action,Lucas Carter,5.6
Shadow Quest 9,2005,Adventure,Isabella White,5.8
Neon Dreams 9,2004,Mystery,Daniel Kim,5.4
Shadow Quest 3,1998,Fantasy,Daniel Kim,6.1
Eternal Horizon 3,2000,Comedy,Jordan Smith,5.8
Echoes of Tomorrow 9,1993,Adventure,Lucas Carter,7.0
The Last Voyage 1,2019,Comedy,Mia Rodriguez,8.8
Spectral Dawn 3,1960,Fantasy,Mia Rodriguez,5.2
Echoes of Tomorrow 7,1967,Comedy,Isabella White,9.2
Neon Dreams 10,1988,Action,Isabella White,5.4
Eternal Horizon 4,1974,Comedy,Mia Rodriguez,7.2
Whispering Shadows 8,1978,Thriller,Chris Nolan,5.9
Echoes of Tomorrow 3,2015,Fantasy,Jordan Smith,8.8
Neon Dreams 8,1999,Drama,Ethan Scott,9.2
Eternal Horizon 5,1993,Thriller,Chris Nolan,9.2
Neon Dreams 9,2007,Romance,Olivia Brown,7.0
Spectral Dawn 10,1966,Sci-Fi,Jordan Smith,5.9
Frozen Echoes 9,2017,Sci-Fi,Daniel Kim,7.5
Spectral Dawn 10,1959,Horror,Mia Rodriguez,5.3
Echoes of Tomorrow 1,1996,Thriller,Sophia Lee,6.7
Shadow Quest 9,1965,Romance,Olivia Brown,6.5
Eternal Horizon 1,1966,Romance,Ethan Scott,5.6
The Last Voyage 8,1990,Horror,Daniel Kim,7.0
Shadow Quest 5,2017,Sci-Fi,Chris Nolan,9.4
Neon Dreams 3,1979,Action,Alex Johnson,5.4
Crimson Mirage 2,2014,Comedy,Alex Johnson,7.7
Frozen Echoes 6,2022,Thriller,Jordan Smith,7.0
Crimson Mirage 1,1991,Horror,Jordan Smith,7.1
The Last Voyage 1,1978,Action,Mia Rodriguez,5.9
Midnight Sonata 6,2024,Adventure,Chris Nolan,6.5
Crimson Mirage 3,2012,Romance,Alex Johnson,9.0
Frozen Echoes 4,1984,Horror,Sophia Lee,5.5
Crimson Mirage 7,1979,Drama,Sophia Lee,7.6
Crimson Mirage 6,2017,Sci-Fi,Mia Rodriguez,6.2
Shadow Quest 4,1963,Romance,Lucas Carter,6.1
Neon Dreams 9,2024,Sci-Fi,Lucas Carter,5.1
Whispering Shadows 10,1989,Adventure,Mia Rodriguez,6.9
Frozen Echoes 5,1977,Romance,Mia Rodriguez,8.3
Spectral Dawn 8,2001,Drama,Mia Rodriguez,8.8
Shadow Quest 6,2010,Sci-Fi,Jordan Smith,7.5
Frozen Echoes 5,2008,Horror,Ethan Scott,8.0
Neon Dreams 8,2010,Comedy,Daniel Kim,5.9
Spectral Dawn 3,1982,Drama,Ethan Scott,6.8
Frozen Echoes 9,2007,Mystery,Lucas Carter,5.1
Crimson Mirage 6,1985,Horror,Lucas Carter,7.3
Crimson Mirage 5,2021,Horror,Sophia Lee,7.1
Shadow Quest 4,2005,Horror,Lucas Carter,8.2
Crimson Mirage 6,1979,Sci-Fi,Isabella White,6.3
Neon Dreams 9,1969,Horror,Jordan Smith,6.2
Eternal Horizon 7,1955,Sci-Fi,Olivia Brown,7.2
Eternal Horizon 1,2008,Horror,Lucas Carter,5.7
Spectral Dawn 5,1976,Action,Chris Nolan,7.7
Spectral Dawn 1,1961,Sci-Fi,Ethan Scott,9.1
Crimson Mirage 10,2007,Romance,Alex Johnson,8.2
Neon Dreams 2,2025,Sci-Fi,Sophia Lee,6.0
Neon Dreams 8,1952,Mystery,Daniel Kim,5.4
Frozen Echoes 8,1961,Comedy,Chris Nolan,5.2
Midnight Sonata 2,1971,Horror,Olivia Brown,8.2
Frozen Echoes 7,1979,Comedy,Ethan Scott,7.5
Echoes of Tomorrow 10,1950,Romance,Alex Johnson,5.2
Midnight Sonata 10,1982,Romance,Chris Nolan,7.6
Echoes of Tomorrow 1,1985,Romance,Daniel Kim,7.1
Echoes of Tomorrow 10,1987,Thriller,Chris Nolan,5.5
Midnight Sonata 1,1997,Thriller,Isabella White,8.5
Shadow Quest 3,1955,Drama,Sophia Lee,7.7
Eternal Horizon 4,2014,Romance,Lucas Carter,5.8
Whispering Shadows 10,2005,Sci-Fi,Ethan Scott,8.4
Crimson Mirage 3,1964,Thriller,Ethan Scott,8.7
Neon Dreams 3,2001,Horror,Ethan Scott,7.4
Midnight Sonata 10,1959,Mystery,Sophia Lee,5.9
Crimson Mirage 7,2001,Adventure,Daniel Kim,6.5
Neon Dreams 6,1963,Romance,Lucas Carter,8.5
Eternal Horizon 9,1953,Drama,Olivia Brown,6.6
Shadow Quest 1,1951,Fantasy,Chris Nolan,6.3
The Last Voyage 5,1997,Drama,Mia Rodriguez,5.5
Neon Dreams 3,2007,Fantasy,Alex Johnson,7.7
Spectral Dawn 10,2001,Thriller,Chris Nolan,6.7
Eternal Horizon 6,1958,Drama,Alex Johnson,8.4
Neon Dreams 4,1989,Sci-Fi,Alex Johnson,9.3
Echoes of Tomorrow 3,1984,Mystery,Jordan Smith,5.9
The Last Voyage 2,1990,Fantasy,Chris Nolan,5.1
Eternal Horizon 1,1963,Fantasy,Olivia Brown,5.2
Neon Dreams 4,2019,Mystery,Daniel Kim,5.9
The Last Voyage 7,2023,Thriller,Jordan Smith,6.6
Crimson Mirage 5,1975,Comedy,Mia Rodriguez,5.0
Midnight Sonata 4,1969,Action,Jordan Smith,6.4
The Last Voyage 7,1951,Thriller,Daniel Kim,8.6
Shadow Quest 8,2012,Drama,Olivia Brown,5.8
Frozen Echoes 2,1997,Sci-Fi,Sophia Lee,5.8
The Last Voyage 1,1953,Adventure,Isabella White,9.4
Frozen Echoes 10,1982,Romance,Ethan Scott,7.6
Frozen Echoes 5,1965,Drama,Lucas Carter,5.8
Spectral Dawn 10,2011,Thriller,Isabella White,6.7
Crimson Mirage 1,1984,Drama,Sophia Lee,5.9
Spectral Dawn 9,1967,Mystery,Ethan Scott,6.4
Echoes of Tomorrow 2,2013,Thriller,Sophia Lee,7.3
Midnight Sonata 5,1985,Horror,Daniel Kim,7.8
Whispering Shadows 5,1960,Sci-Fi,Chris Nolan,5.1
Spectral Dawn 7,1999,Drama,Sophia Lee,5.2
The Last Voyage 7,1989,Horror,Isabella White,6.5
Midnight Sonata 10,1994,Romance,Lucas Carter,6.1
Midnight Sonata 4,1955,Sci-Fi,Daniel Kim,6.9
Spectral Dawn 10,1951,Adventure,Jordan Smith,8.6
Neon Dreams 6,1960,Horror,Chris Nolan,5.0
The Last Voyage 1,2002,Drama,Alex Johnson,7.2
Shadow Quest 9,1989,Adventure,Daniel Kim,7.7
Echoes of Tomorrow 4,1970,Drama,Olivia Brown,6.8
Frozen Echoes 3,1990,Sci-Fi,Mia Rodriguez,6.5
Eternal Horizon 3,1950,Mystery,Chris Nolan,8.6
Echoes of Tomorrow 10,1951,Horror,Isabella White,6.0
Spectral Dawn 4,1971,Horror,Isabella White,5.4
Neon Dreams 4,1991,Mystery,Sophia Lee,9.2
Shadow Quest 10,1954,Horror,Jordan Smith,7.2
Neon Dreams 1,1953,Thriller,Olivia Brown,5.7
Echoes of Tomorrow 3,2013,Sci-Fi,Mia Rodriguez,9.4
Echoes of Tomorrow 3,1964,Sci-Fi,Ethan Scott,7.1
Crimson Mirage 10,2022,Action,Chris Nolan,8.4
Spectral Dawn 6,1955,Romance,Isabella White,7.6
Frozen Echoes 2,1982,Action,Jordan Smith,7.5
The Last Voyage 3,1976,Horror,Daniel Kim,7.5
Neon Dreams 3,2002,Mystery,Jordan Smith,6.6
Crimson Mirage 4,2013,Horror,Alex Johnson,6.3
Crimson Mirage 5,1991,Fantasy,Lucas Carter,8.4
Crimson Mirage 3,1996,Drama,Chris Nolan,5.3
Frozen Echoes 4,1958,Mystery,Mia Rodriguez,7.2
Midnight Sonata 10,1961,Romance,Daniel Kim,5.4
Midnight Sonata 9,1961,Drama,Isabella White,9.2
Shadow Quest 6,1987,Romance,Isabella White,7.5
Eternal Horizon 1,1978,Mystery,Alex Johnson,5.5
Frozen Echoes 5,2025,Comedy,Alex Johnson,9.2
Whispering Shadows 5,2024,Action,Olivia Brown,6.5
Crimson Mirage 7,2017,Drama,Daniel Kim,8.6
The Last Voyage 6,1998,Drama,Jordan Smith,9.4
Echoes of Tomorrow 6,2009,Action,Mia Rodriguez,5.1
Eternal Horizon 9,1994,Adventure,Sophia Lee,5.9
Whispering Shadows 2,1988,Adventure,Isabella White,6.4
Neon Dreams 4,1982,Comedy,Mia Rodriguez,7.3
The Last Voyage 10,1983,Action,Alex Johnson,5.7
Echoes of Tomorrow 4,2010,Action,Daniel Kim,9.2
Midnight Sonata 9,1953,Romance,Alex Johnson,6.7
Whispering Shadows 10,2013,Comedy,Chris Nolan,8.4
Midnight Sonata 1,2018,Thriller,Jordan Smith,7.9
Whispering Shadows 4,1976,Horror,Lucas Carter,6.4
Eternal Horizon 6,1978,Thriller,Ethan Scott,6.7
Crimson Mirage 1,1971,Fantasy,Olivia Brown,6.2
Spectral Dawn 7,1981,Drama,Lucas Carter,5.9
Crimson Mirage 7,1961,Horror,Olivia Brown,5.5
Whispering Shadows 6,2004,Drama,Sophia Lee,8.7
Frozen Echoes 6,1950,Romance,Sophia Lee,5.7
Echoes of Tomorrow 7,1955,Drama,Chris Nolan,9.2
Neon Dreams 8,2025,Adventure,Jordan Smith,6.9
Shadow Quest 7,2021,Comedy,Chris Nolan,5.8
Echoes of Tomorrow 2,1952,Mystery,Alex Johnson,7.8
The Last Voyage 4,2001,Fantasy,Jordan Smith,7.3
Echoes of Tomorrow 6,1984,Mystery,Jordan Smith,8.0
Eternal Horizon 3,1962,Sci-Fi,Jordan Smith,6.6
The Last Voyage 7,2024,Romance,Mia Rodriguez,9.2
Spectral Dawn 8,2020,Romance,Lucas Carter,6.2
Echoes of Tomorrow 10,2004,Romance,Mia Rodriguez,8.1
Echoes of Tomorrow 1,1978,Mystery,Ethan Scott,9.0
Midnight Sonata 10,2000,Comedy,Mia Rodriguez,6.4
Eternal Horizon 5,1954,Action,Jordan Smith,7.9
The Last Voyage 5,1994,Horror,Ethan Scott,5.9
Echoes of Tomorrow 7,1953,Action,Sophia Lee,5.0
Whispering Shadows 10,1959,Romance,Sophia Lee,9.3
Shadow Quest 6,1969,Action,Daniel Kim,6.5
Spectral Dawn 5,2002,Sci-Fi,Jordan Smith,5.2
Neon Dreams 1,2015,Sci-Fi,Ethan Scott,9.0
Shadow Quest 3,1968,Mystery,Sophia Lee,7.9
Frozen Echoes 1,1999,Mystery,Isabella White,6.7
Eternal Horizon 3,1969,Mystery,Mia Rodriguez,7.9
Midnight Sonata 6,1990,Horror,Isabella White,6.5
Echoes of Tomorrow 3,2006,Thriller,Jordan Smith,8.9
Echoes of Tomorrow 6,1960,Drama,Sophia Lee,9.3
The Last Voyage 4,2013,Adventure,Chris Nolan,9.0
Crimson Mirage 9,1981,Adventure,Mia Rodriguez,9.3
The Last Voyage 7,1954,Thriller,Chris Nolan,8.1
The Last Voyage 8,2007,Fantasy,Alex Johnson,8.6
Spectral Dawn 5,2015,Horror,Isabella White,7.4
Frozen Echoes 3,2001,Drama,Lucas Carter,7.3
Spectral Dawn 9,2024,Comedy,Sophia Lee,5.2
Crimson Mirage 8,1971,Drama,Mia Rodriguez,8.0
The Last Voyage 1,1980,Drama,Alex Johnson,7.4
Spectral Dawn 2,1970,Romance,Chris Nolan,5.3
Whispering Shadows 10,1980,Fantasy,Ethan Scott,8.7
Whispering Shadows 2,2022,Thriller,Daniel Kim,6.0
Neon Dreams 7,1978,Thriller,Mia Rodriguez,8.8
Midnight Sonata 3,1958,Horror,Lucas Carter,7.0
Midnight Sonata 2,1978,Action,Daniel Kim,9.2
Echoes of Tomorrow 8,1964,Comedy,Lucas Carter,5.3
Spectral Dawn 4,1999,Mystery,Isabella White,5.0
Echoes of Tomorrow 3,2025,Mystery,Isabella White,6.9
Eternal Horizon 4,1970,Adventure,Jordan Smith,5.4
Echoes of Tomorrow 8,2014,Horror,Chris Nolan,7.8
Eternal Horizon 1,2003,Adventure,Alex Johnson,7.6
Frozen Echoes 3,1960,Fantasy,Daniel Kim,9.0
Echoes of Tomorrow 10,2014,Comedy,Jordan Smith,6.7
Eternal Horizon 5,2000,Horror,Mia Rodriguez,6.6
Neon Dreams 5,1975,Mystery,Isabella White,8.2
Midnight Sonata 2,1987,Sci-Fi,Sophia Lee,9.2
Midnight Sonata 3,2010,Fantasy,Alex Johnson,6.6
Frozen Echoes 10,1977,Fantasy,Mia Rodriguez,8.9
Eternal Horizon 5,1955,Sci-Fi,Sophia Lee,5.0
Echoes of Tomorrow 3,2011,Action,Alex Johnson,9.3
Echoes of Tomorrow 3,2011,Adventure,Daniel Kim,8.5
Shadow Quest 5,1981,Sci-Fi,Alex Johnson,8.1
Eternal Horizon 6,1958,Romance,Lucas Carter,5.5
Neon Dreams 10,1966,Action,Chris Nolan,6.0
Eternal Horizon 1,1978,Horror,Isabella White,8.5
Frozen Echoes 7,2006,Mystery,Olivia Brown,5.3
Eternal Horizon 6,1977,Adventure,Lucas Carter,5.4
Echoes of Tomorrow 9,1959,Horror,Ethan Scott,6.9
Shadow Quest 7,1973,Comedy,Alex Johnson,6.7
Shadow Quest 4,2005,Comedy,Daniel Kim,6.8
Echoes of Tomorrow 10,1982,Comedy,Olivia Brown,5.1
Frozen Echoes 1,1974,Adventure,Sophia Lee,6.7
Frozen Echoes 3,2008,Sci-Fi,Mia Rodriguez,6.8
Whispering Shadows 1,1951,Horror,Sophia Lee,6.9
Whispering Shadows 1,1971,Drama,Sophia Lee,7.8
Whispering Shadows 9,1984,Adventure,Alex Johnson,5.4
Spectral Dawn 4,1960,Comedy,Olivia Brown,8.3
Crimson Mirage 2,2011,Action,Jordan Smith,9.4
Frozen Echoes 10,1951,Horror,Olivia Brown,6.0
Echoes of Tomorrow 7,1967,Action,Isabella White,5.1
Frozen Echoes 8,1972,Sci-Fi,Mia Rodriguez,8.8
Eternal Horizon 5,1956,Romance,Alex Johnson,8.7
Whispering Shadows 6,1976,Action,Jordan Smith,9.4
Echoes of Tomorrow 3,1962,Adventure,Sophia Lee,7.2
Neon Dreams 6,2015,Adventure,Ethan Scott,5.0
Midnight Sonata 10,1960,Adventure,Lucas Carter,8.7
Midnight Sonata 1,1957,Adventure,Mia Rodriguez,6.8
Echoes of Tomorrow 5,1976,Comedy,Sophia Lee,7.8
Midnight Sonata 2,1974,Sci-Fi,Sophia Lee,8.7
Neon Dreams 7,1989,Mystery,Alex Johnson,5.1
Frozen Echoes 10,1955,Thriller,Lucas Carter,7.8
Crimson Mirage 1,1956,Drama,Chris Nolan,7.2
Echoes of Tomorrow 7,1959,Romance,Sophia Lee,6.3
Crimson Mirage 10,1984,Comedy,Jordan Smith,5.4
Echoes of Tomorrow 5,2002,Horror,Lucas Carter,6.7
Neon Dreams 9,1958,Horror,Mia Rodriguez,9.1
Neon Dreams 6,1969,Adventure,Lucas Carter,5.4
Neon Dreams 9,1980,Mystery,Alex Johnson,7.2
Echoes of Tomorrow 4,1986,Drama,Alex Johnson,7.3
The Last Voyage 7,1955,Action,Lucas Carter,6.2
Crimson Mirage 9,1989,Mystery,Chris Nolan,5.5
Neon Dreams 2,1983,Horror,Daniel Kim,8.0
Shadow Quest 3,1965,Action,Isabella White,8.2
Echoes of Tomorrow 7,2009,Fantasy,Chris Nolan,6.0
Echoes of Tomorrow 1,1960,Drama,Chris Nolan,7.1
Spectral Dawn 9,2016,Mystery,Chris Nolan,6.4
Crimson Mirage 1,2025,Thriller,Olivia Brown,8.4
The Last Voyage 6,1997,Romance,Isabella White,6.7
Spectral Dawn 10,1973,Mystery,Chris Nolan,7.7
Frozen Echoes 4,2008,Romance,Ethan Scott,9.5
Whispering Shadows 6,2023,Fantasy,Lucas Carter,7.7
Frozen Echoes 10,1952,Romance,Mia Rodriguez,6.9
Shadow Quest 2,1994,Comedy,Chris Nolan,7.2
Shadow Quest 8,1950,Action,Mia Rodriguez,6.0
Echoes of Tomorrow 3,1956,Romance,Mia Rodriguez,6.0
Spectral Dawn 9,2006,Mystery,Olivia Brown,7.9
Neon Dreams 9,1960,Sci-Fi,Mia Rodriguez,5.8
Neon Dreams 4,1998,Horror,Sophia Lee,8.3
Eternal Horizon 6,1971,Thriller,Ethan Scott,5.1
Midnight Sonata 6,1969,Mystery,Ethan Scott,6.7
Echoes of Tomorrow 3,2023,Comedy,Isabella White,7.8
Frozen Echoes 4,1999,Adventure,Sophia Lee,7.6
Shadow Quest 4,1994,Sci-Fi,Mia Rodriguez,8.7
Shadow Quest 4,1951,Adventure,Ethan Scott,7.7
Crimson Mirage 9,1994,Horror,Mia Rodriguez,8.0
Frozen Echoes 4,1974,Thriller,Daniel Kim,7.6
The Last Voyage 6,1975,Sci-Fi,Jordan Smith,9.2
Spectral Dawn 3,2015,Adventure,Chris Nolan,6.7
Spectral Dawn 9,1972,Sci-Fi,Olivia Brown,9.1
Whispering Shadows 10,2001,Mystery,Chris Nolan,8.1
Shadow Quest 10,1987,Thriller,Daniel Kim,6.7
Frozen Echoes 7,1979,Adventure,Isabella White,9.0
Whispering Shadows 6,2011,Comedy,Jordan Smith,7.5
Crimson Mirage 10,1992,Sci-Fi,Ethan Scott,6.7
Spectral Dawn 4,2019,Comedy,Sophia Lee,8.4
Neon Dreams 8,1969,Horror,Alex Johnson,5.6
Whispering Shadows 6,1975,Fantasy,Chris Nolan,9.1
Midnight Sonata 10,1996,Fantasy,Lucas Carter,7.7
Eternal Horizon 8,1994,Comedy,Olivia Brown,6.8
The Last Voyage 3,1975,Fantasy,Sophia Lee,5.3
Crimson Mirage 6,1955,Sci-Fi,Isabella White,8.6
Spectral Dawn 1,1989,Sci-Fi,Ethan Scott,5.3
The Last Voyage 4,1952,Horror,Sophia Lee,5.7
Midnight Sonata 9,1959,Romance,Sophia Lee,6.8
Frozen Echoes 10,2012,Mystery,Jordan Smith,9.1
Spectral Dawn 10,1990,Drama,Chris Nolan,9.4
Crimson Mirage 8,1999,Mystery,Alex Johnson,8.5
Shadow Quest 10,1950,Fantasy,Chris Nolan,8.9
Neon Dreams 10,1956,Mystery,Daniel Kim,7.4
Shadow Quest 6,1958,Sci-Fi,Mia Rodriguez,5.4
Frozen Echoes 1,1988,Adventure,Sophia Lee,7.0
Midnight Sonata 2,2012,Adventure,Chris Nolan,8.8
Whispering Shadows 2,1959,Drama,Sophia Lee,5.1
Crimson Mirage 8,1953,Drama,Jordan Smith,5.3
Frozen Echoes 1,1955,Fantasy,Jordan Smith,5.6
Echoes of Tomorrow 8,1994,Horror,Jordan Smith,7.3
Midnight Sonata 2,1965,Horror,Chris Nolan,5.1
Shadow Quest 5,1987,Comedy,Sophia Lee,7.4
Eternal Horizon 6,2006,Mystery,Isabella White,8.1
Whispering Shadows 4,2019,Mystery,Ethan Scott,6.8
Crimson Mirage 2,1991,Comedy,Olivia Brown,6.1
Shadow Quest 5,1964,Thriller,Jordan Smith,9.4
Whispering Shadows 9,1993,Mystery,Daniel Kim,6.0
The Last Voyage 1,2004,Horror,Isabella White,7.8
Neon Dreams 7,1963,Action,Isabella White,8.8
Echoes of Tomorrow 4,1986,Sci-Fi,Lucas Carter,6.9
Neon Dreams 7,1952,Action,Daniel Kim,6.6
Midnight Sonata 9,1993,Thriller,Jordan Smith,5.4
Crimson Mirage 3,1963,Romance,Alex Johnson,8.8
Frozen Echoes 4,1954,Thriller,Jordan Smith,8.8
Shadow Quest 4,1997,Fantasy,Mia Rodriguez,8.3
Crimson Mirage 6,1956,Thriller,Isabella White,5.8
Shadow Quest 10,1970,Drama,Ethan Scott,6.2
Echoes of Tomorrow 6,1951,Fantasy,Chris Nolan,6.8
Midnight Sonata 4,2002,Thriller,Mia Rodriguez,8.8
Midnight Sonata 9,1988,Action,Sophia Lee,7.7
Neon Dreams 6,1964,Drama,Alex Johnson,9.2
The Last Voyage 2,2023,Romance,Sophia Lee,6.7
Frozen Echoes 7,1989,Horror,Lucas Carter,5.2
Crimson Mirage 7,1986,Fantasy,Alex Johnson,8.5
Shadow Quest 6,1974,Adventure,Isabella White,8.8
Midnight Sonata 2,2011,Sci-Fi,Jordan Smith,8.1
Eternal Horizon 9,2013,Thriller,Sophia Lee,5.6
Whispering Shadows 10,1954,Action,Ethan Scott,9.4
Neon Dreams 2,1959,Action,Daniel Kim,8.4
Whispering Shadows 8,2020,Comedy,Isabella White,7.7
Crimson Mirage 5,2011,Fantasy,Jordan Smith,9.2
Spectral Dawn 9,1956,Thriller,Sophia Lee,7.2
Eternal Horizon 4,2024,Comedy,Ethan Scott,6.9
Neon Dreams 1,2010,Romance,Isabella White,9.1
The Last Voyage 8,2016,Adventure,Jordan Smith,7.3
Whispering Shadows 6,2017,Romance,Chris Nolan,7.6
Midnight Sonata 4,2002,Action,Olivia Brown,5.3
Midnight Sonata 9,1987,Mystery,Isabella White,8.1
The Last Voyage 7,1976,Thriller,Chris Nolan,8.6
Whispering Shadows 9,1972,Action,Daniel Kim,9.4
Echoes of Tomorrow 2,1997,Action,Jordan Smith,7.7
Whispering Shadows 3,2005,Drama,Olivia Brown,7.0
Echoes of Tomorrow 1,1957,Sci-Fi,Isabella White,9.0
Echoes of Tomorrow 2,2017,Thriller,Jordan Smith,8.3
Midnight Sonata 8,1959,Sci-Fi,Alex Johnson,6.6
Crimson Mirage 7,1973,Adventure,Mia Rodriguez,5.9
Frozen Echoes 5,2012,Horror,Daniel Kim,7.8
Whispering Shadows 9,2018,Sci-Fi,Chris Nolan,6.2
Neon Dreams 10,1956,Drama,Isabella White,7.8
Spectral Dawn 1,1985,Sci-Fi,Chris Nolan,9.0
Spectral Dawn 7,1979,Comedy,Lucas Carter,9.4
Crimson Mirage 6,1987,Thriller,Mia Rodriguez,8.8
The Last Voyage 2,1998,Drama,Chris Nolan,5.7
The Last Voyage 8,2007,Mystery,Daniel Kim,7.2
Spectral Dawn 6,1957,Romance,Isabella White,5.7
Frozen Echoes 3,1983,Comedy,Chris Nolan,6.3
Whispering Shadows 8,1950,Adventure,Olivia Brown,8.4
Crimson Mirage 7,1976,Fantasy,Alex Johnson,9.2
Spectral Dawn 4,1952,Comedy,Lucas Carter,8.9
Crimson Mirage 8,1959,Thriller,Lucas Carter,5.5
Echoes of Tomorrow 1,2019,Thriller,Alex Johnson,8.3
Echoes of Tomorrow 10,1962,Romance,Jordan Smith,6.8
Eternal Horizon 2,2014,Sci-Fi,Daniel Kim,8.9
Eternal Horizon 3,1981,Action,Jordan Smith,7.9
Echoes of Tomorrow 2,2002,Thriller,Isabella White,7.1
Echoes of Tomorrow 4,2021,Thriller,Lucas Carter,6.1
Crimson Mirage 3,1995,Action,Ethan Scott,7.8
Crimson Mirage 2,1977,Horror,Jordan Smith,8.4
Neon Dreams 1,2003,Fantasy,Ethan Scott,8.7
Neon Dreams 2,2022,Comedy,Olivia Brown,6.4
The Last Voyage 4,1964,Comedy,Olivia Brown,9.2
Crimson Mirage 4,1958,Mystery,Lucas Carter,7.0
Echoes of Tomorrow 3,1988,Drama,Olivia Brown,7.5
Eternal Horizon 1,1977,Action,Daniel Kim,8.4
The Last Voyage 3,1981,Action,Mia Rodriguez,5.7
Echoes of Tomorrow 8,1961,Drama,Mia Rodriguez,7.6
Neon Dreams 6,2008,Adventure,Alex Johnson,6.3
Shadow Quest 2,2003,Comedy,Sophia Lee,5.6
Shadow Quest 1,1986,Sci-Fi,Ethan Scott,9.4
Neon Dreams 8,1973,Sci-Fi,Olivia Brown,8.4
Echoes of Tomorrow 8,1984,Horror,Sophia Lee,7.4
Spectral Dawn 3,2021,Thriller,Olivia Brown,6.1
Frozen Echoes 5,1967,Mystery,Olivia Brown,5.9
Midnight Sonata 4,1952,Mystery,Alex Johnson,9.2
Eternal Horizon 4,2015,Sci-Fi,Olivia Brown,8.4
Crimson Mirage 2,1997,Sci-Fi,Olivia Brown,6.4
Whispering Shadows 7,1992,Mystery,Lucas Carter,5.1
Eternal Horizon 2,1971,Action,Jordan Smith,8.1
The Last Voyage 1,1989,Fantasy,Lucas Carter,5.1
Shadow Quest 7,1967,Action,Ethan Scott,9.1
Midnight Sonata 4,1955,Fantasy,Olivia Brown,6.6
Echoes of Tomorrow 8,1975,Adventure,Jordan Smith,8.3
Whispering Shadows 6,1989,Thriller,Alex Johnson,6.5
Midnight Sonata 5,1956,Adventure,Olivia Brown,6.9
Whispering Shadows 3,1983,Romance,Chris Nolan,8.4
Crimson Mirage 9,1983,Fantasy,Lucas Carter,8.2
The Last Voyage 1,1963,Action,Isabella White,7.8
Eternal Horizon 6,2023,Action,Mia Rodriguez,8.4
Midnight Sonata 10,2012,Thriller,Lucas Carter,7.0
The Last Voyage 9,2008,Comedy,Mia Rodriguez,8.7
Whispering Shadows 2,2014,Romance,Isabella White,7.8
Midnight Sonata 6,1954,Horror,Daniel Kim,9.0
Shadow Quest 4,2003,Fantasy,Alex Johnson,6.4
Neon Dreams 9,1966,Mystery,Mia Rodriguez,7.2
Spectral Dawn 6,1956,Horror,Daniel Kim,8.6
Frozen Echoes 1,2014,Horror,Olivia Brown,9.4
Frozen Echoes 1,1963,Adventure,Chris Nolan,8.4
Whispering Shadows 10,1987,Thriller,Ethan Scott,7.5
Whispering Shadows 5,1996,Sci-Fi,Alex Johnson,5.9
Frozen Echoes 1,1953,Horror,Isabella White,7.8
Eternal Horizon 3,1974,Comedy,Alex Johnson,8.1
Whispering Shadows 5,1980,Adventure,Daniel Kim,5.2
Frozen Echoes 7,1968,Thriller,Lucas Carter,8.4
Neon Dreams 8,1977,Drama,Mia Rodriguez,9.2
The Last Voyage 4,2019,Romance,Ethan Scott,6.2
Shadow Quest 10,2016,Fantasy,Alex Johnson,7.7
Eternal Horizon 8,2015,Thriller,Ethan Scott,7.7
Shadow Quest 5,1986,Drama,Sophia Lee,6.2
Neon Dreams 3,1989,Action,Lucas Carter,7.0
Echoes of Tomorrow 3,2010,Adventure,Alex Johnson,8.9
Spectral Dawn 2,2008,Adventure,Daniel Kim,9.0
Crimson Mirage 7,2017,Romance,Daniel Kim,7.5
Crimson Mirage 6,2024,Horror,Alex Johnson,9.4
Frozen Echoes 3,2005,Horror,Sophia Lee,5.1
Shadow Quest 10,2008,Drama,Sophia Lee,7.0
Crimson Mirage 6,2023,Mystery,Jordan Smith,7.6
Eternal Horizon 10,1983,Comedy,Lucas Carter,8.1
The Last Voyage 8,1976,Sci-Fi,Lucas Carter,5.1
Midnight Sonata 10,2002,Comedy,Isabella White,9.4
Spectral Dawn 2,2025,Thriller,Alex Johnson,6.2
Eternal Horizon 8,2000,Action,Chris Nolan,6.0
The Last Voyage 5,1956,Adventure,Isabella White,5.7
Shadow Quest 4,1967,Thriller,Chris Nolan,8.9
The Last Voyage 1,1991,Drama,Olivia Brown,7.3
Crimson Mirage 8,2000,Horror,Ethan Scott,6.8
Frozen Echoes 3,1998,Sci-Fi,Olivia Brown,7.6
Midnight Sonata 9,2024,Fantasy,Jordan Smith,8.1
Shadow Quest 3,1971,Action,Isabella White,9.3
Whispering Shadows 10,1956,Action,Daniel Kim,9.0
Spectral Dawn 6,1970,Fantasy,Mia Rodriguez,7.9
Neon Dreams 4,1976,Action,Chris Nolan,8.8
Whispering Shadows 7,2015,Horror,Olivia Brown,7.9
Spectral Dawn 1,1960,Sci-Fi,Jordan Smith,7.9
Whispering Shadows 5,1971,Fantasy,Chris Nolan,8.5
The Last Voyage 5,2000,Drama,Olivia Brown,6.6
Crimson Mirage 4,1953,Sci-Fi,Jordan Smith,6.4
Crimson Mirage 5,1958,Comedy,Alex Johnson,8.4
Shadow Quest 8,1989,Comedy,Mia Rodriguez,8.9
Echoes of Tomorrow 10,1967,Romance,Daniel Kim,9.4
Echoes of Tomorrow 5,2003,Sci-Fi,Olivia Brown,8.3
Midnight Sonata 2,1967,Horror,Sophia Lee,8.1
Neon Dreams 3,1977,Mystery,Alex Johnson,6.4
Spectral Dawn 1,1979,Adventure,Ethan Scott,8.8
Neon Dreams 6,1950,Horror,Isabella White,6.3
Neon Dreams 8,1958,Horror,Sophia Lee,8.2
The Last Voyage 1,1989,Adventure,Olivia Brown,5.0
Crimson Mirage 2,1998,Romance,Lucas Carter,8.2
Echoes of Tomorrow 3,1980,Romance,Isabella White,6.3
Midnight Sonata 4,2001,Adventure,Chris Nolan,5.1
Eternal Horizon 7,1956,Action,Mia Rodriguez,6.8
Midnight Sonata 5,2004,Horror,Mia Rodriguez,7.1
Frozen Echoes 4,1955,Drama,Ethan Scott,7.8
Spectral Dawn 7,1996,Horror,Mia Rodriguez,6.1
Echoes of Tomorrow 8,1997,Fantasy,Chris Nolan,7.8
Frozen Echoes 8,1984,Action,Sophia Lee,8.3
Spectral Dawn 8,1955,Fantasy,Alex Johnson,5.8
Crimson Mirage 7,1952,Thriller,Sophia Lee,6.2
Spectral Dawn 7,2019,Romance,Olivia Brown,8.3
Midnight Sonata 7,1979,Fantasy,Isabella White,5.0
Echoes of Tomorrow 8,1998,Action,Lucas Carter,7.2
Echoes of Tomorrow 5,1977,Mystery,Chris Nolan,8.7
The Last Voyage 9,1974,Mystery,Sophia Lee,5.5
Crimson Mirage 2,1974,Horror,Lucas Carter,5.6
Eternal Horizon 4,2021,Fantasy,Alex Johnson,8.7
Eternal Horizon 3,1972,Drama,Chris Nolan,6.7
Eternal Horizon 1,2004,Mystery,Isabella White,7.9
Neon Dreams 2,1968,Romance,Jordan Smith,7.6
Crimson Mirage 2,2021,Horror,Chris Nolan,8.1
Crimson Mirage 9,2019,Sci-Fi,Alex Johnson,8.5
The Last Voyage 9,1993,Mystery,Alex Johnson,7.8
Echoes of Tomorrow 5,1965,Thriller,Chris Nolan,6.8
Frozen Echoes 1,1997,Comedy,Olivia Brown,5.2
The Last Voyage 7,1995,Fantasy,Lucas Carter,9.1
Spectral Dawn 5,1971,Horror,Alex Johnson,5.5
Midnight Sonata 1,2012,Mystery,Jordan Smith,6.5
Frozen Echoes 3,1955,Mystery,Isabella White,5.7
Spectral Dawn 3,1993,Adventure,Ethan Scott,5.0
Shadow Quest 2,2007,Fantasy,Ethan Scott,6.2
Shadow Quest 9,2007,Comedy,Olivia Brown,6.4
Midnight Sonata 7,2008,Thriller,Alex Johnson,6.6
The Last Voyage 2,1958,Thriller,Isabella White,8.1
The Last Voyage 8,1965,Romance,Lucas Carter,7.8
Midnight Sonata 10,1974,Romance,Olivia Brown,8.7
Shadow Quest 7,1999,Sci-Fi,Olivia Brown,8.3
Midnight Sonata 6,1991,Mystery,Jordan Smith,7.9
Shadow Quest 9,1996,Thriller,Chris Nolan,6.6
The Last Voyage 6,1996,Comedy,Sophia Lee,9.3
Whispering Shadows 9,1967,Horror,Olivia Brown,8.8
Neon Dreams 1,2008,Fantasy,Olivia Brown,6.6
Spectral Dawn 10,1981,Action,Daniel Kim,5.1
Echoes of Tomorrow 5,1977,Mystery,Ethan Scott,6.1
Shadow Quest 4,2010,Adventure,Lucas Carter,7.3
Shadow Quest 3,1955,Drama,Chris Nolan,7.0
Whispering Shadows 5,1994,Adventure,Chris Nolan,9.4
Whispering Shadows 10,2024,Thriller,Mia Rodriguez,7.9
Neon Dreams 6,1965,Romance,Isabella White,6.3
Midnight Sonata 7,1969,Horror,Sophia Lee,9.4
Shadow Quest 7,2010,Fantasy,Mia Rodriguez,6.7
Echoes of Tomorrow 4,1963,Sci-Fi,Ethan Scott,7.6
Eternal Horizon 3,2001,Romance,Ethan Scott,6.3
Crimson Mirage 6,1957,Adventure,Mia Rodriguez,6.1
Frozen Echoes 6,1975,Sci-Fi,Sophia Lee,6.0
Neon Dreams 8,2022,Sci-Fi,Isabella White,9.3
The Last Voyage 10,2011,Romance,Daniel Kim,7.2
Frozen Echoes 10,1966,Thriller,Olivia Brown,6.1
Echoes of Tomorrow 1,2007,Comedy,Olivia Brown,7.2
Whispering Shadows 4,1981,Horror,Isabella White,7.0
Shadow Quest 7,1963,Adventure,Alex Johnson,6.0
Echoes of Tomorrow 9,2018,Mystery,Lucas Carter,6.2
Shadow Quest 6,1990,Romance,Ethan Scott,7.6
Crimson Mirage 8,2009,Drama,Alex Johnson,6.6
Whispering Shadows 3,1972,Horror,Mia Rodriguez,7.1
Frozen Echoes 6,1957,Horror,Sophia Lee,8.7
Midnight Sonata 6,1989,Adventure,Isabella White,6.7
Eternal Horizon 1,1966,Adventure,Lucas Carter,5.2
Crimson Mirage 4,2008,Comedy,Ethan Scott,9.0
Frozen Echoes 5,1998,Sci-Fi,Chris Nolan,9.1
Crimson Mirage 2,2014,Romance,Jordan Smith,6.5
The Last Voyage 3,1970,Horror,Jordan Smith,5.4
Eternal Horizon 1,1995,Action,Olivia Brown,7.3
Whispering Shadows 9,1969,Adventure,Ethan Scott,5.2
Eternal Horizon 9,2023,Sci-Fi,Lucas Carter,7.8
Spectral Dawn 2,2025,Drama,Chris Nolan,8.8
Midnight Sonata 9,1971,Horror,Chris Nolan,8.6
Crimson Mirage 9,1994,Comedy,Sophia Lee,6.9
Whispering Shadows 4,1958,Fantasy,Chris Nolan,6.0
Midnight Sonata 1,1981,Fantasy,Sophia Lee,8.9
Shadow Quest 5,1953,Romance,Isabella White,5.7
Spectral Dawn 10,1991,Thriller,Mia Rodriguez,8.9
The Last Voyage 9,1963,Mystery,Mia Rodriguez,6.9
Whispering Shadows 7,1963,Thriller,Isabella White,5.6
Shadow Quest 3,2010,Horror,Alex Johnson,5.8
Whispering Shadows 8,2002,Sci-Fi,Isabella White,7.5
Shadow Quest 8,2011,Action,Sophia Lee,7.0
Midnight Sonata 9,2014,Romance,Chris Nolan,9.4
Midnight Sonata 10,2018,Comedy,Chris Nolan,9.2
Echoes of Tomorrow 1,1975,Action,Lucas Carter,7.4
Midnight Sonata 4,2003,Fantasy,Sophia Lee,6.3
Spectral Dawn 7,1951,Thriller,Isabella White,9.3
Whispering Shadows 10,2018,Comedy,Isabella White,6.3
The Last Voyage 1,2025,Sci-Fi,Chris Nolan,5.2
Shadow Quest 2,1989,Mystery,Sophia Lee,8.8
Eternal Horizon 10,2002,Action,Alex Johnson,8.9
Echoes of Tomorrow 2,2023,Action,Isabella White,9.0
The Last Voyage 7,1999,Sci-Fi,Isabella White,7.1
Midnight Sonata 6,1955,Drama,Daniel Kim,7.8
Echoes of Tomorrow 9,1983,Sci-Fi,Daniel Kim,8.7
Shadow Quest 6,1979,Sci-Fi,Sophia Lee,9.2
Whispering Shadows 3,2013,Thriller,Alex Johnson,8.4
Crimson Mirage 10,1982,Drama,Lucas Carter,5.9
Spectral Dawn 10,2019,Fantasy,Sophia Lee,7.5
The Last Voyage 4,1959,Thriller,Lucas Carter,7.5
Eternal Horizon 10,2025,Fantasy,Sophia Lee,8.4
Shadow Quest 3,1999,Thriller,Chris Nolan,6.2
Midnight Sonata 7,2015,Mystery,Ethan Scott,9.0
Echoes of Tomorrow 4,1990,Horror,Daniel Kim,7.8
Whispering Shadows 7,1995,Action,Daniel Kim,7.5
Shadow Quest 4,1965,Mystery,Chris Nolan,8.7
Midnight Sonata 5,2017,Action,Olivia Brown,8.7
Echoes of Tomorrow 7,2015,Fantasy,Alex Johnson,5.3
Whispering Shadows 4,1973,Adventure,Lucas Carter,5.7
Frozen Echoes 8,1967,Fantasy,Isabella White,8.9
The Last Voyage 9,1954,Mystery,Olivia Brown,8.2
Echoes of Tomorrow 10,2006,Romance,Olivia Brown,6.2
The Last Voyage 6,1974,Drama,Alex Johnson,6.7
Crimson Mirage 1,1993,Action,Olivia Brown,7.4
Crimson Mirage 4,1952,Sci-Fi,Jordan Smith,7.6
The Last Voyage 9,2022,Comedy,Daniel Kim,6.1
Spectral Dawn 7,2000,Action,Jordan Smith,8.0
Echoes of Tomorrow 2,1975,Mystery,Olivia Brown,5.4
Crimson Mirage 7,2009,Fantasy,Isabella White,8.9
Whispering Shadows 10,1977,Fantasy,Jordan Smith,7.0
Whispering Shadows 2,2022,Mystery,Sophia Lee,7.2
The Last Voyage 3,1972,Sci-Fi,Sophia Lee,8.8
The Last Voyage 3,1993,Horror,Alex Johnson,8.5
Shadow Quest 5,2010,Fantasy,Daniel Kim,5.7
Whispering Shadows 6,2010,Adventure,Sophia Lee,8.5
Eternal Horizon 3,2023,Adventure,Chris Nolan,9.2
The Last Voyage 5,2018,Horror,Olivia Brown,7.8
Eternal Horizon 1,1977,Thriller,Lucas Carter,6.1
The Last Voyage 10,1971,Comedy,Chris Nolan,6.5
Whispering Shadows 1,2003,Drama,Sophia Lee,5.7
Frozen Echoes 1,1963,Thriller,Sophia Lee,6.3
